78|madhu@amoriotech.com|madhu@yopmail.com|Test|Test Email|
65|madhu.amoriotech@gmail.com|madhu@yopmail.com|Test|test |
72|amoriotechonologies@gmail.com|suryakala@amoriotech.com|hello|as|
37|amoriotechonologies@gmail.com|suryakala@amoriotech.com|hello|assa|
59|amoriotechonologies@gmail.com|suryakala@amoriotech.com|hello|asas|
21|ajithkumar0902001@gmail.com|peacebro090@gmail.com|HI|Hi Ajith.........................|
86|stockeai.developers@gmail.com|madhu@amoriotech.com|hello|Test email|
44|madhu.amoriotech@gmail.com|madhu@amoriotech.com|Test|hi Test email|
31|madhu.amoriotech@gmail.com|madhu@amoriotech.com|hello|Hello test|
89|suryakala@amoriotech.com|ajith@amoriotech.com|STOCKEAI|dsfsd sdfsdfs sdfsdfsdf|
13|tam@amoriotech.com|2267793@gmail.com|Test|Testing|
88|n_lee2@yahoo.com||testing||
82|susmithasivakumar31@gmail.com|susmisiva3101@gmail.com|test|hii|
43|srini@amoriotech.com|srini@amoriotech.com|Test|Test|
45|jaishreesrini.m@gmail.com|jaishreesrini.m@gmail.com|test|test|
79|jaishreesrini.m@gmail.com|jaishreesrini.m@gmail.com|test|test|
41|tam@amoriotech.com|madhu@amoriotech.com|Test|Test email|
29|tam@amoriotech.com|srini@amoriotech.com|Test|TestEmail|
64|amoriotechonologies@gmail.com|madhu@amoriotech.com|hello|as|
81|8086555@gmail.com||Testing|Testing|
75|2267793@gmail.com||Testing|Testing firle|